"VE_COHOUSING.ID_DMP","CI_COHOUSING.ID_DMP","empPV_COHOUSING.ID_DMP","LogL_COHOUSING.ID_DMP","Pv_COHOUSING.ID_DMP","VE_Residual","CI_Residual","empPV_Residual","LogL_Residual","Est_Age","SE_Age","P.Chisq_Age","Est_META.DNA.postclean.reads","SE_META.DNA.postclean.reads","P.Chisq_META.DNA.postclean.reads","Est_META.POOP.Freq","SE_META.POOP.Freq","P.Chisq_META.POOP.Freq","Est_Sex","SE_Sex","P.Chisq_Sex","Trait","Trait.short","N","Nz","Prev","Model","VE_ID","CI_ID","empPV_ID","LogL_ID","Pv_ID","VE_famID","CI_famID","empPV_famID","LogL_famID","Pv_famID"
0.106891254799306,"0.04-0.17",0,-5347.66079054493,0.000946751140490692,0.630111376066954,"0.5-0.76",0,-5342.19633489488,-0.00707779898181429,0.00111994997422674,2.61994159384182e-10,-0.443597603812064,0.122654250800569,0.000298439392682836,0.0388951634376684,0.0226832987218774,0.0863993449800297,-0.109725471023495,0.035344319700992,0.00190618601693665,"PYRIDOXSYN.PWY..pyridoxal.5..phosphate.biosynthesis.I","I",3571,6,99.93,"no-family",0.262997369133739,"0.13-0.39",0,-5349.64326722557,0.000113732279663914,NA,NA,NA,NA,NA
0.106586563883388,"0.04-0.17",0,-5394.33421215528,0.00203258115822902,0.636708859209466,"0.5-0.78",0,-5389.57427325384,-0.0080348974511779,0.00113472519962462,1.43201385818967e-12,-0.358540451081164,0.12429829817176,0.00392015624974446,0.0338886515358646,0.0229870656119866,0.140414642623287,-0.114663681374125,0.0358217023548239,0.00136972601904799,"PWY0.845..superpathway.of.pyridoxal.5..phosphate.biosynthesis.and.salvage","salvage",3571,12,99.85,"no-family",0.256704576907146,"0.12-0.39",0,-5396.40171111785,0.000219670163661853,NA,NA,NA,NA,NA
NA,NA,NA,NA,NA,0.752792610912562,"0.63-0.88",0,-4324.25098509496,-0.00375249569111403,0.00082208253460829,5.00396099949723e-06,-0.371957367354412,0.0921617488931888,5.4388944599648e-05,0.0435379883500209,0.0170577502980325,0.010698745972677,-0.0417193330523694,0.0273333713042096,0.126931449071325,"RHAMCAT.PWY..L.rhamnose.degradation.I","I",3571,0,100,"heritability.only",0.247207389087438,"0.12-0.38",0,-4331.06528274935,0.000222766484429307,NA,NA,NA,NA,NA
NA,NA,NA,NA,NA,0.76873698096382,"0.64-0.89",0,-4615.23685351295,-0.0069097143979676,0.000891259925484027,8.99243323251347e-15,-0.278912821514193,0.0999864851942275,0.00527886468822838,0.0533668091917619,0.0185061467401162,0.00392990240692851,0.011849935207956,0.029656182342252,0.689467929855856,"PWY.6703..preQ0.biosynthesis","biosynthesis",3571,0,100,"heritability.only",0.23126301903618,"0.1-0.36",0,-4621.18245481192,0.000563996950221399,NA,NA,NA,NA,NA
NA,NA,NA,NA,NA,0.783503860766463,"0.66-0.91",0,-4949.73501449248,-0.00592912526796209,0.000978117594124842,1.34630466191586e-09,-0.202212250477205,0.109803769753521,0.0655368431512982,0.0469587487400548,0.0203233858236853,0.0208562284453282,0.0341628950846747,0.0325702588896309,0.294224844590966,"PWY4FS.7..phosphatidylglycerol.biosynthesis.I..plastidic.","plastidic",3571,23,99.72,"heritability.only",0.216496139233537,"0.08-0.35",0,-4954.89263810727,0.00131935620299961,NA,NA,NA,NA,NA
NA,NA,NA,NA,NA,0.78221663550705,"0.65-0.91",0,-4253.03102175027,-0.00419994653181153,0.00080479679271392,1.80239537467823e-07,-0.127834877376351,0.0903414012213229,0.157062671665876,0.00325404689230372,0.0167211155191847,0.845700586833799,-0.0409396998507332,0.0267971206157345,0.126570924076456,"PWY0.1319..CDP.diacylglycerol.biosynthesis.II","II",3571,0,100,"heritability.only",0.21778336449295,"0.08-0.35",0,-4257.99018235822,0.00163641574979404,NA,NA,NA,NA,NA
NA,NA,NA,NA,NA,0.793645838472767,"0.67-0.92",0,-4943.4571197627,-0.00590024524692015,0.000975925315565408,1.4867423464973e-09,-0.180819612037326,0.10960918839652,0.0990092876196822,0.0471391858820966,0.0202875222664116,0.0201493246801372,0.0408833997304508,0.032514123266774,0.208607258229283,"PWY4FS.8..phosphatidylglycerol.biosynthesis.II..non.plastidic.","plastidic",3571,23,99.72,"heritability.only",0.206354161527233,"0.08-0.33",0,-4948.2765585906,0.00190501604260056,NA,NA,NA,NA,NA
NA,NA,NA,NA,NA,0.795903315398571,"0.67-0.92",0,-4258.75158781999,-0.00402528039946991,0.00080555787245113,5.82636584860431e-07,-0.200055698142084,0.0904842918583348,0.0270397183121524,0.0275190490971183,0.0167477321238623,0.100351740690061,-0.0338411182679429,0.0268412685548907,0.207385655028352,"PWY.5973..cis.vaccenate.biosynthesis","biosynthesis",3571,0,100,"heritability.only",0.204096684601429,"0.07-0.33",0,-4263.45534318215,0.00216098405147539,NA,NA,NA,NA,NA
0.0579409557235716,"0-0.12",0,-4558.08580346412,0.060119760730252,0.748247513259161,"0.62-0.87",0,-4556.31876460486,-0.0037455073047785,0.000887652841127288,2.44776048636997e-05,-0.214981672465237,0.0984595733290228,0.0290025997740976,0.058463940325642,0.0182128692227794,0.00132718996793356,0.0630697839688839,0.0287505885247222,0.0282579398657783,"PWY.7228..superpathway.of.guanosine.nucleotides.de.novo.biosynthesis.I","I",3571,0,100,"no-family",0.193811531017267,"0.06-0.33",0,-4560.30192796207,0.00476555485518274,NA,NA,NA,NA,NA
NA,NA,NA,NA,NA,0.818800609465952,NA,0,-4265.05324380467,-0.00386241471496122,0.000806038417611701,1.65250921755304e-06,-0.251365476650783,0.0906383870960459,0.00554946304959937,0.0249961749579737,0.0167765913215846,0.136239064807309,-0.0348744495437532,0.0268900429515111,0.194655962389207,"PWY.7663..gondoate.biosynthesis..anaerobic.","anaerobic",3571,0,100,"heritability.only",0.181199390534048,NA,0,-4268.86318040584,0.00577285468221611,NA,NA,NA,NA,NA
NA,NA,NA,NA,NA,0.808667937501183,NA,0,-4247.98942740478,-0.00538782709659867,0.000802619508923523,1.90920067031543e-11,-0.0855689751770018,0.0902092079799571,0.342843716358586,0.000344596853474289,0.0166969958114641,0.983534224063005,-0.0369298164886265,0.0267613505142145,0.167596392549517,"PWY.724..superpathway.of.L.lysine..L.threonine.and.L.methionine.biosynthesis.II","II",3571,0,100,"heritability.only",0.191332062498817,NA,0,-4251.79400709845,0.00580725500573651,NA,NA,NA,NA,NA
NA,NA,NA,NA,NA,0.833885591169969,"0.72-0.95",0,-4789.76981408277,-0.00401791683510695,0.000932857076298689,1.65402334884415e-05,-0.447180558005495,0.104978532309461,2.04670899368344e-05,0.0601583076314131,0.0194311632201861,0.00196169893222409,0.127038931751363,0.0311468160799597,4.52856497862271e-05,"PWY.6700..queuosine.biosynthesis","biosynthesis",3571,0,100,"heritability.only",0.166114408830031,"0.05-0.29",0,-4793.42932275552,0.00682287079490616,NA,NA,NA,NA,NA
0.062804901605583,"0-0.12",0,-4694.88242713342,0.0382741386683339,0.754242833121368,"0.63-0.88",0,-4692.73602834987,-0.00383667763601816,0.000922889570061978,3.22109130575501e-05,-0.176078893993748,0.102297841868467,0.0852077136071641,0.0568560017846825,0.0189219318561508,0.00265784119711046,0.0564344146034291,0.0298339194738474,0.0585417371301229,"PWY.7197..pyrimidine.deoxyribonucleotide.phosphorylation","phosphorylation",3571,0,100,"no-family",0.18295226527305,"0.05-0.32",0,-4696.24801943617,0.00804251726315133,NA,NA,NA,NA,NA
NA,NA,NA,NA,NA,0.826770296140477,NA,0,-4429.84517586375,-0.00409569869628732,0.000843745966937159,1.20883080523022e-06,-0.0851753259873525,0.0949162702866089,0.369519758873463,0.00605216699941594,0.0175685405611524,0.730478651429613,-0.0184038789009161,0.0281603301312487,0.513408742992682,"PWY.7219..adenosine.ribonucleotides.de.novo.biosynthesis","biosynthesis",3571,0,100,"heritability.only",0.173229703859523,NA,0,-4433.34073173233,0.00819154585890705,NA,NA,NA,NA,NA
0.0646383108982837,"0-0.12",0,-4492.73879082342,0.0359353408347507,0.755625196571752,"0.63-0.88",0,-4490.53870564693,-0.00395396467278424,0.000872352926696794,5.82817557220424e-06,-0.206319338292924,0.096667711762973,0.0328170117803089,0.0579925484538138,0.0178802085350215,0.00118115044303831,0.055907518974044,0.0281785407920774,0.047250720718501,"PWY.6125..superpathway.of.guanosine.nucleotides.de.novo.biosynthesis.II","II",3571,0,100,"no-family",0.179736492529965,"0.04-0.31",0,-4493.95063551703,0.0089947964343868,NA,NA,NA,NA,NA
0.0586930375393665,"0-0.12",0,-4769.02137362777,0.0616312096266751,0.7526408403859,"0.61-0.9",0,-4767.27490589982,-0.00693347339167921,0.000941653880906125,1.7971382923964e-13,-0.191742610178342,0.104452051060902,0.0664020662355813,-0.0231668453347335,0.0193211592454899,0.230512341071325,-0.0639373610788089,0.0304949698973169,0.0360243301744984,"PWY.621..sucrose.degradation.III..sucrose.invertase.","invertase",3571,5,99.94,"no-family",0.188666122074733,"0.04-0.33",0,-4770.55255210732,0.0104572652740949,NA,NA,NA,NA,NA
0.0688970527282854,"0.01-0.13",0,-4518.63086073559,0.0234627564254553,0.756449480067757,"0.63-0.89",0,-4516.06390355001,-0.00375596410312367,0.000879315306763413,1.94193458195284e-05,-0.177618468016163,0.0973636936334909,0.0681100178387306,0.0510335845615033,0.0180082149024934,0.00459828852607327,0.0516445455094775,0.028349783655801,0.068501885547699,"PWY.7208..superpathway.of.pyrimidine.nucleobases.salvage","salvage",3571,0,100,"no-family",0.174653467203957,"0.04-0.31",0,-4519.20953219233,0.0121334951283183,NA,NA,NA,NA,NA
NA,NA,NA,NA,NA,0.833333044928082,"0.71-0.96",0,-4373.30885559115,-0.0050420060921716,0.000830194130668177,1.2531925053223e-09,-0.046699038398457,0.0934227863034442,0.617168198717449,0.00333262042538382,0.0172922242006454,0.847175406949224,-0.0311727463921524,0.0277181806191988,0.260745107392089,"PWY.6387..UDP.N.acetylmuramoyl.pentapeptide.biosynthesis.I..meso.diaminopimelate.containing.","containing",3571,0,100,"heritability.only",0.166666955071918,"0.04-0.3",0,-4376.4226595484,0.0125773528298556,NA,NA,NA,NA,NA
0.0587146165096472,"0-0.12",0,-4219.06893942309,0.0596026346380828,0.766524875181348,"0.63-0.9",0,-4217.29473577179,-0.00387000775199889,0.000806809486194045,1.61316174238519e-06,-0.169583251437541,0.0895420726320062,0.0582389960651044,0.00576375891646573,0.0165630345416655,0.727848213798888,-0.0340708821711116,0.0261434947134273,0.192497614475806,"PWY.7111..pyruvate.fermentation.to.isobutanol..engineered.","engineered",3571,0,100,"no-family",0.174760508309005,"0.04-0.31",0,-4220.36332463738,0.0132368417454096,NA,NA,NA,NA,NA
NA,NA,NA,NA,NA,0.82857859256419,"0.7-0.96",0,-4346.73142375875,-0.00246910016628472,0.000824253721404895,0.00273942830858131,-0.0989496369663116,0.0927319541879573,0.285949232727135,-0.0244341481333764,0.0171642665549204,0.154577512926536,-0.0811264893620049,0.0275125316899143,0.00319102806321158,"PWY66.422..D.galactose.degradation.V..Leloir.pathway.","pathway",3571,0,100,"heritability.only",0.17142140743581,"0.03-0.31",0,-4349.75574947939,0.0139169219717284,NA,NA,NA,NA,NA
0.0939772319510001,"0.03-0.15",0,-4656.08571049605,0.00206689462641658,0.726467612033031,"0.59-0.87",0,-4651.34113064395,-0.00454061960569747,0.000918649423389284,7.70432211248075e-07,-0.131414973542557,0.101125118385569,0.193762618827598,-0.039050321497515,0.0187003850932,0.0367789422194423,-0.0519294302706841,0.0292489409140925,0.0758270094842653,"PWY.6507..4.deoxy.L.threo.hex.4.enopyranuronate.degradation","degradation",3571,6,99.93,"no-family",0.179555156015969,"0.04-0.32",0,-4654.32950423181,0.0144957133092169,NA,NA,NA,NA,NA
0.0486453774611164,"0-0.11",0,-4386.85070487871,0.115960258090494,0.785679768912446,"0.65-0.92",0,-4385.61517867215,-0.00495117245043554,0.000843383147978022,4.34197970851452e-09,-0.0386419742629057,0.0938512627940433,0.680532695361933,0.00324619165704467,0.0173617423806468,0.851681143200069,-0.0276760078855723,0.0274771932455957,0.313821557567397,"PWY.6386..UDP.N.acetylmuramoyl.pentapeptide.biosynthesis.II..lysine.containing.","containing",3571,0,100,"no-family",0.165674853626438,"0.03-0.3",0,-4388.55644069201,0.0152918850179843,NA,NA,NA,NA,NA
0.0492241457046352,"0-0.11",0,-4443.01720462166,0.107359514186156,0.784742845017865,"0.65-0.91",0,-4441.72087179894,-0.00366094434865385,0.000856872692068399,1.93338315630642e-05,-0.149447858263278,0.0953382831148535,0.116985374059678,0.0347721510795104,0.0176367289475397,0.0486580319903736,0.0322932257397448,0.0279081464339752,0.247221121326773,"PWY0.166..superpathway.of.pyrimidine.deoxyribonucleotides.de.novo.biosynthesis..E..coli.","coli",3571,0,100,"no-family",0.1660330092775,"0.03-0.3",0,-4444.6249234732,0.0159524901452311,NA,NA,NA,NA,NA
0.0637431946961676,"0-0.12",0,-4231.3948721111,0.0409218445196607,0.76772001530989,"0.63-0.9",0,-4229.30524790544,-0.00410148494432028,0.000810290941873793,4.15439607053323e-07,-0.156793289811557,0.0898472206738628,0.0809657105469716,0.00945603431033664,0.0166186630640823,0.569355526310569,-0.0250908661417121,0.0261980068620958,0.338194130494274,"VALSYN.PWY..L.valine.biosynthesis","biosynthesis",3571,0,100,"no-family",0.168536789993943,"0.03-0.3",0,-4232.18429568438,0.0164128522355607,NA,NA,NA,NA,NA
0.0671906683305658,"0.01-0.13",0,-4557.13074233455,0.026270765917202,0.767361312879589,"0.63-0.9",0,-4554.66168793722,-0.00526563498746226,0.000888199012432122,3.05825207572879e-09,-0.0441093921035739,0.0984200107235819,0.654026875912253,0.0270563143873683,0.0182037397978048,0.137198393517566,0.0103773625325621,0.0286716471852856,0.717398260929521,"PWY0.162..superpathway.of.pyrimidine.ribonucleotides.de.novo.biosynthesis","biosynthesis",3571,0,100,"no-family",0.165448018789846,"0.03-0.3",0,-4557.43457794434,0.0185252986062872,NA,NA,NA,NA,NA
0.0572624191982561,"0-0.12",0,-4510.81896106515,0.0593517740897283,0.784556260886008,"0.66-0.91",0,-4509.04125788597,-0.00379949854125408,0.000874585244104095,1.39692918414348e-05,-0.162708394306173,0.0971608432455417,0.0940069880363235,0.0519297042353686,0.0179724268393295,0.00385965856029804,0.0470053924190477,0.0283812392877543,0.0976785848418507,"PWY.7184..pyrimidine.deoxyribonucleotides.de.novo.biosynthesis.I","I",3571,0,100,"no-family",0.158181319915736,"0.02-0.29",0,-4511.68247449298,0.0215416233117104,NA,NA,NA,NA,NA
0.0531300578629189,"0-0.11",0,-4336.446401797,0.0848718584379784,0.789595944335884,"0.66-0.92",0,-4334.96187848269,-0.00352154251843745,0.000832105772197655,2.31534667928739e-05,-0.145080418929829,0.0925332924469911,0.116910854550035,0.0388096121276156,0.0171171281417876,0.0233720927426745,0.0171520285932091,0.0270596926864536,0.526172872626244,"PWY.7229..superpathway.of.adenosine.nucleotides.de.novo.biosynthesis.I","I",3571,0,100,"no-family",0.157273997801197,"0.02-0.29",0,-4337.58205093297,0.0220688983253809,NA,NA,NA,NA,NA
NA,NA,NA,NA,NA,0.855051710862292,"0.73-0.97",0,-8519.35828835548,0.00939965872896597,0.00264770863960608,0.000385069216331136,-0.329498262473285,0.298287056736312,0.269317866701602,-0.0593314658658012,0.0552132809331961,0.282559739990145,0.0799897685728338,0.0885109045897506,0.366139733330822,"PWY.6630..superpathway.of.L.tyrosine.biosynthesis","biosynthesis",3571,4850,40.9,"heritability.only",0.144948289137708,"0.02-0.27",0,-8521.96953208204,0.0222966357335574,NA,NA,NA,NA,NA
0.0453146844366385,"0-0.1",0.1,-4219.54323589235,0.135866314910347,0.792101295244775,"0.65-0.93",0,-4218.43115465123,-0.00459688962264797,0.000804042480536216,1.08279407484507e-08,-0.134507774782363,0.0895536891293133,0.133102490998951,0.00461595991393137,0.0165672766967395,0.780537144394421,-0.0524824762850285,0.0262429729530937,0.0455145422305022,"PWY.6123..inosine.5..phosphate.biosynthesis.I","I",3571,0,100,"no-family",0.162584020318586,"0.02-0.3",0,-4220.99560612933,0.0235305956798521,NA,NA,NA,NA,NA
0.0596969157698506,"0-0.12",0,-4206.21802742655,0.0448948218585825,0.778346343228101,"0.64-0.91",0,-4204.206734356,-0.00524851103706622,0.00080362449347176,6.53105751551243e-11,-0.131417929612,0.0892138740061918,0.140733224827723,0.00854419079767822,0.0165020718229815,0.604622427783983,-0.00944895670090863,0.0260423777999837,0.71673185814609,"PWY.6897..thiamin.salvage.II","II",3571,0,100,"no-family",0.161956741002049,"0.02-0.3",0,-4206.77051481645,0.0235487972465112,NA,NA,NA,NA,NA
0.0698239364437355,"0.01-0.13",0,-4540.38958622548,0.0241117545769807,0.772368896459572,"0.64-0.9",0,-4537.8462982967,-0.00368509989803989,0.000884306974581443,3.08339662366159e-05,-0.216094614240094,0.0979584308853498,0.0273852036096353,0.0595814565213857,0.0181178483809043,0.0010070477218684,0.0421210540966754,0.0285181287774109,0.139677724995284,"PWY.7220..adenosine.deoxyribonucleotides.de.novo.biosynthesis.II","II",3571,0,100,"no-family",0.157807167096693,"0.02-0.29",0,-4540.40463057871,0.0236971224580062,NA,NA,NA,NA,NA
NA,NA,NA,NA,NA,0.853877014732885,NA,0,-7532.82319491246,0.00188833538157971,0.00200872642623981,0.34718371646111,0.00769061798902462,0.226286113075081,0.972888109715567,0.0442729351171624,0.0418857603546341,0.290515004181155,0.164367493269683,0.067145588917676,0.0143680803157183,"PWY0.1415..superpathway.of.heme.biosynthesis.from.uroporphyrinogen.III","III",3571,5219,36.41,"heritability.only",0.146122985267115,NA,0,-7535.3714084459,0.023975179377612,NA,NA,NA,NA,NA
0.0627264472458219,"0-0.12",0,-5374.32250988842,0.037474834465567,0.78795274217066,"0.66-0.91",0,-5372.15815937705,-0.00836428089270412,0.0011147546478095,6.22554742030871e-14,-0.0826152619218908,0.123730583423423,0.504323296929419,-0.052038526206682,0.0228859059655096,0.0229765602344751,0.0194267801165584,0.0360909920142797,0.590389094203124,"UDPNAGSYN.PWY..UDP.N.acetyl.D.glucosamine.biosynthesis.I","I",3571,72,99.12,"no-family",0.149320810583519,"0.02-0.28",0,-5374.59938758497,0.0271309822732963,NA,NA,NA,NA,NA
NA,NA,NA,NA,NA,0.859583364150494,"0.74-Inf",0,-4449.90794462007,-0.0042969660352617,0.000846912649488772,3.90189539828384e-07,-0.11692340004825,0.0954350698985644,0.220514271938038,0.00866889481543775,0.0176652455709951,0.6236162696975,0.00442033272720262,0.0283192126570259,0.875962447340326,"PWY.7221..guanosine.ribonucleotides.de.novo.biosynthesis","biosynthesis",3571,0,100,"heritability.only",0.140416635849506,"0.01-0.27",0,-4452.28402001033,0.0292616989351259,NA,NA,NA,NA,NA
0.0681807304324517,"0.01-0.13",0,-4503.74810221471,0.0281394574424355,0.777096900328048,"0.63-0.92",0,-4501.33835070234,-0.00355133506437594,0.000874861506479928,4.92176953865833e-05,0.0610924248434427,0.0969605154626623,0.528645326088717,-0.0461590729252023,0.0179335073731906,0.0100559036460395,-0.0941011409281294,0.02824042226306,0.000861797904428078,"PWY.6737..starch.degradation.V","V",3571,0,100,"no-family",0.1547223692395,"0.01-0.29",0,-4503.66880476362,0.0308568671438884,NA,NA,NA,NA,NA
0.0691483765712621,"0.01-0.13",0,-4413.20962386848,0.0243377445651318,0.78725788973899,"0.66-0.92",0,-4410.67442306948,-0.00384356062187799,0.000852729863248627,6.5639159640961e-06,-0.179810025260293,0.0945283044444499,0.0571473844716393,0.0419284021637341,0.0174833784096782,0.0164764735598918,0.0315679035750284,0.027526378376576,0.251454484865254,"PWY.6126..superpathway.of.adenosine.nucleotides.de.novo.biosynthesis.II","II",3571,0,100,"no-family",0.143593733689748,"0.01-0.28",0,-4412.83803600463,0.0375073282181373,NA,NA,NA,NA,NA
0.0568462007490084,"0-0.12",0,-4545.13044394967,0.064776864566439,0.802130872210117,"0.67-0.93",0,-4543.42511816235,-0.00382779223172731,0.000882284777598245,1.43458689022822e-05,-0.203045520177485,0.0980960659354607,0.0384650774631083,0.0590603475511413,0.0181453926155821,0.00113456311976012,0.0338797991026064,0.0286600483631272,0.237155560200984,"PWY.7222..guanosine.deoxyribonucleotides.de.novo.biosynthesis.II","II",3571,0,100,"no-family",0.141022927040874,"0.01-0.28",0,-4545.50720317331,0.0412876368187465,NA,NA,NA,NA,NA
NA,NA,NA,NA,NA,0.86623919766959,NA,0,-3974.35581107574,-0.0042291730192034,0.000741017906273255,1.14817379324097e-08,-0.140612924871078,0.0835322606896966,0.0923099184816597,-0.0122607551317869,0.0154621465925471,0.427805221440333,-0.104827957654269,0.0247881130703769,2.3477327911679e-05,"PWY0.1586..peptidoglycan.maturation..meso.diaminopimelate.containing.","containing",3571,0,100,"heritability.only",0.13376080233041,NA,0,-3976.43238558928,0.0415571708765635,NA,NA,NA,NA,NA
NA,NA,NA,NA,NA,0.867528487183727,"0.74-Inf",0,-5720.28282693876,0.00422878938500487,0.00120817258055394,0.000464990462883355,-0.313041471459184,0.136202472534441,0.0215416602478816,-0.0279182419506299,0.0252116524582884,0.268140601461705,0.0304605399550106,0.0404182364125808,0.451069278580917,"PWY0.321..phenylacetate.degradation.I..aerobic.","aerobic",3571,7571,7.75,"heritability.only",0.132471512816273,"0-0.26",0,-5722.29355211864,0.0449250640059892,NA,NA,NA,NA,NA
0.0470229039599161,"0-0.11",0,-4602.9628858752,0.125163252307207,0.82025616141957,"0.7-Inf",0,-4601.78714043203,-0.00499233835418288,0.000894279140185105,2.37047409587263e-08,-0.3066166293967,0.0996955170482593,0.00210128252101644,0.0320999132868765,0.0184431406598059,0.0817748085763134,0.0561222544630781,0.0292058505829395,0.0546548496894496,"PWY.6151..S.adenosyl.L.methionine.cycle.I","I",3571,0,100,"no-family",0.132720934620514,"0-0.26",0,-4603.76922866677,0.0464782515171605,NA,NA,NA,NA,NA
0.0707780962565585,"0.01-0.13",0,-6609.57157682374,0.0166335894163028,0.795862102639347,"0.67-0.92",0,-6606.70426274409,0.00501022329399972,0.00157712049963183,0.00148900934519904,-0.184858271420692,0.174835647267854,0.290362842020125,-0.0114252348307069,0.032335846312693,0.723840819654536,0.0910609106809935,0.0508920382068223,0.07356718864579,"PWY.7446..sulfoglycolysis","sulfoglycolysis",3571,6442,21.51,"no-family",0.133359801104095,"0-0.26",0,-6608.67670606365,0.0470140212711576,NA,NA,NA,NA,NA
0.0649951081177595,"0-0.12",0,-4537.12429081671,0.0342994913807715,0.80316260758933,"0.67-0.94",0,-4534.8844345913,-0.00110126959062019,0.00088156855126083,0.211586060175707,0.0960853131308423,0.0978674659463788,0.326203246507408,-0.0419210767322035,0.0181015783939395,0.0205648416453069,-0.054246822912506,0.0285320875828501,0.0572683965624195,"TRNA.CHARGING.PWY..tRNA.charging","charging",3571,0,100,"no-family",0.131842284292911,"0-0.27",0,-4536.63251977459,0.0615109155858519,NA,NA,NA,NA,NA
NA,NA,NA,NA,NA,0.897140619441064,"0.79-Inf",0.1,-8102.60657467108,0.00369821383987476,0.00234984697211648,0.115531265692495,0.362801510040486,0.265348695228286,0.171542817406405,-0.0591545041481354,0.0491193672163366,0.228473251751622,-0.109308062864802,0.078755999981662,0.1651574033555,"PWY.7196..superpathway.of.pyrimidine.ribonucleosides.salvage","salvage",3571,780,90.5,"heritability.only",0.102859380558936,"0-0.21",0,-8104.3220107474,0.0639883011686684,NA,NA,NA,NA,NA
NA,NA,NA,NA,NA,0.890200802325702,"0.77-Inf",0,-8671.48273540266,0.00772689769411267,0.00275691216381264,0.00506710872386454,0.110924618689285,0.311191392739734,0.721502515458625,0.121300695603752,0.0576047763823262,0.0352269224264758,0.0730607209387409,0.0923584087424049,0.428911013193616,"PWY.5897..superpathway.of.menaquinol.11.biosynthesis","biosynthesis",3571,4151,49.42,"heritability.only",0.109799197674298,"0-0.23",0,-8673.13278360949,0.0692758169894611,NA,NA,NA,NA,NA
0.0759209173861563,"0.02-0.14",0,-4213.31519107849,0.0145410043263682,0.794907697328367,"0.66-0.93",0,-4210.32956817751,-0.00565260413863949,0.000807020639874437,2.48246856487808e-12,0.0322437433507773,0.0893714566741765,0.718261328345832,-0.00816279939016492,0.0165284105035029,0.621401697811019,-0.0710606105333754,0.0259795451162271,0.00623324794238477,"THRESYN.PWY..superpathway.of.L.threonine.biosynthesis","biosynthesis",3571,0,100,"no-family",0.129171385285477,"0-0.27",0,-4211.97113748603,0.0699949539264215,NA,NA,NA,NA,NA
0.110229561462716,"0.04-0.18",0,-8796.25919140452,0.00239274597831361,0.702859856230887,"0.57-0.84",0,-8791.64876703034,-0.0109671894323805,0.00295790561884456,0.000209104789679444,0.335557913558872,0.322136448064638,0.297567524696117,0.110379192451486,0.059537461736306,0.0637469978957154,0.261707655937623,0.0917653807508109,0.00434558402222361,"PWY0.1479..tRNA.processing","processing",3571,1011,87.68,"full model",0.142361889852714,"0-0.29",0,-8793.27697304629,0.0711446366543973,0.044548692453683,"0-0.1",0,-8792.74424920869,0.138822375292182
0.044531992459864,"0-0.11",0,-4256.33203643215,0.155191205797439,0.830473874743357,"0.7-Inf",0,-4255.32180195065,-0.00610387141426271,0.000810762803360208,5.13053637891545e-14,-0.0968780505369603,0.0904703302333349,0.284247332518543,-0.00748562599951456,0.016737005895925,0.654694558937041,-0.0589555192431872,0.0265222713654441,0.0262246743064305,"PWY.6609..adenine.and.adenosine.salvage.III","III",3571,0,100,"no-family",0.124994132796779,"0-0.26",0,-4256.9481741476,0.0713039773123349,NA,NA,NA,NA,NA
NA,NA,NA,NA,NA,0.890798254275942,"0.77-Inf",0,-8671.81789971776,0.00776003030824522,0.00275706347161004,0.00488380100563034,0.106464885475139,0.311219064050308,0.732283269565995,0.119350539628638,0.0576099534020846,0.0382934287019967,0.0801534103953651,0.092366945586363,0.385519390668344,"PWY.5899..superpathway.of.menaquinol.13.biosynthesis","biosynthesis",3571,4151,49.42,"heritability.only",0.109201745724058,"0-0.23",0,-8673.43471012403,0.072141021886205,NA,NA,NA,NA,NA
NA,NA,NA,NA,NA,0.891695627028846,"0.78-Inf",0,-8674.66984954799,0.00777055295691876,0.00275910440355066,0.00485754990859131,0.11121696527957,0.311465390200733,0.721034551353825,0.121318282733431,0.0576556336913716,0.0353620657277,0.0766762451741302,0.0924405411348332,0.406841017423139,"PWY.5898..superpathway.of.menaquinol.12.biosynthesis","biosynthesis",3571,4151,49.42,"heritability.only",0.108304372971154,"0-0.23",0,-8676.26225108238,0.074325952710379,NA,NA,NA,NA,NA
NA,NA,NA,NA,NA,0.882749889641329,"0.76-Inf",0,-6224.21958890447,-0.0135333535730308,0.00138996163424925,2.10697808728307e-22,-0.325403448381676,0.156828332364766,0.037995601831391,0.0496399901665176,0.0290302260351535,0.08727667911064,-0.0685348958747359,0.0465430170662596,0.140884148900774,"PWY.7323..superpathway.of.GDP.mannose.derived.O.antigen.building.blocks.biosynthesis","biosynthesis",3571,213,97.4,"heritability.only",0.117250110358671,"0-0.25",0,-6225.7861665018,0.076715132710469,NA,NA,NA,NA,NA
NA,NA,NA,NA,NA,0.87967368092273,NA,0,-7368.93607397972,0.0112766098008498,0.00191559999833922,3.93924099571033e-09,-0.737362599352288,0.216098507536673,0.000644503637346864,0.0519884193376965,0.0400014423712919,0.193716284827086,-0.0256805372156845,0.0641318951264102,0.688837507010866,"PWY.7013..L.1.2.propanediol.degradation","degradation",3571,6545,20.25,"heritability.only",0.12032631907727,NA,0,-7370.49034397146,0.0778827465945865,NA,NA,NA,NA,NA
0.0476103547028306,"0-0.11",0,-4426.47203543797,0.117155945730973,0.831045753161052,"0.7-0.96",0,-4425.24456745022,-0.00473869982429818,0.000850782672557705,2.55013858049919e-08,-0.166565652480526,0.0948826895886885,0.0791754580955441,0.0303564353282838,0.0175526905025965,0.0837292527900645,0.0508794342529948,0.0277931691829874,0.0671535039855988,"PWY.6545..pyrimidine.deoxyribonucleotides.de.novo.biosynthesis.III","III",3571,0,100,"no-family",0.121343892136117,"0-0.26",0,-4426.77901939798,0.0798032626396448,NA,NA,NA,NA,NA
0.0668569710860419,"0.01-0.13",0,-4321.98164027308,0.0297170971926493,0.813364280272242,"0.68-0.94",0,-4319.61884847517,-0.00317084891148054,0.000829914401388167,0.000133076720443522,-0.0585103781539019,0.0921397439137444,0.525416801079951,-0.00808800909949097,0.0170417772353084,0.635072874993275,-0.0194923493430021,0.0268504862970255,0.467863970273691,"PWY.7187..pyrimidine.deoxyribonucleotides.de.novo.biosynthesis.II","II",3571,0,100,"no-family",0.119778748641716,"0-0.25",0,-4321.11756665471,0.0833963836609972,NA,NA,NA,NA,NA
0.0661581590138032,"0.01-0.13",0,-4318.28294590787,0.0331293067247334,0.81076393915899,"0.67-0.95",0,-4316.01340368107,-0.00581803416395787,0.000829061702941966,2.25690657236122e-12,-0.0643308576248927,0.0920473316507726,0.484621469935269,0.00327647849144034,0.0170248270072218,0.8473874051031,-0.0619184301403083,0.0268281255635648,0.0210009685425177,"PWY.7234..inosine.5..phosphate.biosynthesis.III","III",3571,4,99.95,"no-family",0.123077901827207,"0-0.26",0,-4317.45789822958,0.0891868707183931,NA,NA,NA,NA,NA
NA,NA,NA,NA,NA,0.890158880543645,"0.76-0.98",0,-7638.62626482444,0.0172083076273666,0.00206448228339993,7.72296740419436e-17,0.580500428073269,0.233031575016731,0.0127355237052306,0.00964581979940671,0.0431365750735529,0.823059875357026,-0.127603461441321,0.0691613606902243,0.0650359591146648,"PWY.5913..TCA.cycle.VI..obligate.autotrophs.","autotrophs",3571,3388,58.72,"heritability.only",0.109841119456355,"0-0.24",0,-7640.01195711767,0.0959631211938579,NA,NA,NA,NA,NA
0.0538537008003381,"0-0.11",0,-8067.9604460672,0.0692592501180518,0.835871134178795,"0.71-Inf",0,-8066.31020142207,-0.0200253737851684,0.00236090059860302,2.21182412599779e-17,0.784393783174041,0.263039597286822,0.00286337492057187,-0.140433422190311,0.0486572716711794,0.00389954724097448,0.0667609218230115,0.0769246534050752,0.385463205793997,"PWY.7209..superpathway.of.pyrimidine.ribonucleosides.degradation","degradation",3571,2621,68.06,"no-family",0.110275165020867,"0-0.25",0,-8067.55622544254,0.114422740177171,NA,NA,NA,NA,NA
0.050531717093764,"0-0.11",0.1,-4584.78142242112,0.0985521656600797,0.846746718867256,"0.72-0.97",0,-4583.41701315368,-0.00482691101534448,0.000889113512387639,5.6701488717491e-08,0.152691264225253,0.0991747378385464,0.123653365640463,-0.0263453217471903,0.0183461183225357,0.150997752840912,-0.0913681686930671,0.0290303744489767,0.00164768881792187,"PYRIDNUCSYN.PWY..NAD.biosynthesis.I..from.aspartate.","aspartate",3571,1,99.99,"no-family",0.10272156403898,"0-0.23",0,-4584.58604600284,0.126246229646168,NA,NA,NA,NA,NA
0.051441169052411,"0-0.11",0,-7903.29624400723,0.0854067940497634,0.846980231639473,"0.72-0.95",0,-7901.81680128313,0.0120715874731747,0.00225219735728123,8.32608975128242e-08,0.0695687955545196,0.251176259607779,0.781801592140163,0.0100735516522333,0.0464640676221818,0.828361833655974,0.0514126951181139,0.073506573417809,0.484283408915044,"PWY0.1061..superpathway.of.L.alanine.biosynthesis","biosynthesis",3571,2968,63.84,"no-family",0.101578599308116,"0-0.23",0,-7902.97659952733,0.127753162367657,NA,NA,NA,NA,NA
NA,NA,NA,NA,NA,0.907503129143557,"0.78-Inf",0,-7599.82222260273,0.00794397052377392,0.00203980847419378,9.84141447759406e-05,-0.0567882321519429,0.230477706107227,0.805377558592938,0.0426382323351926,0.0426650648729848,0.317614959774182,0.135755454820244,0.0684104937632018,0.0472085452737607,"PWY.6708..ubiquinol.8.biosynthesis..prokaryotic.","prokaryotic",3571,4749,42.13,"heritability.only",0.092496870856443,"0-0.22",0,-7600.86510410049,0.148677919801896,NA,NA,NA,NA,NA
0.0572321252593345,"0-0.12",0,-4153.19541742996,0.0553745800686953,0.842248651765751,"0.71-0.96",0,-4151.36003218274,-0.00213756879297619,0.000789055517895027,0.00674818557152417,-0.139012002174546,0.0878809090729085,0.113690089561535,0.0086135614071781,0.0162556641617423,0.59619470368055,0.0056984500163139,0.0256783063025695,0.824378577737957,"PWY.841..superpathway.of.purine.nucleotides.de.novo.biosynthesis.I","I",3571,0,100,"no-family",0.100519222974915,"0-0.24",0,-4152.3651568164,0.156239645422347,NA,NA,NA,NA,NA
NA,NA,NA,NA,NA,0.984478368171086,NA,0.6,-7969.09344495847,0.00673282647044357,0.00224894303890353,0.00275550259702883,-0.208061047477815,0.255346457099283,0.415176141769731,0.0353272739145919,0.0472766213373625,0.454914983159419,0.0899660969736858,0.0758307765645336,0.23546195823071,"PWY.6891..thiazole.biosynthesis.II..Bacillus.","Bacillus",3571,5157,37.16,"heritability.only",0.0155216318289139,NA,0.1,-7969.12331037029,0.806921891537047,NA,NA,NA,NA,NA
0.0326076970361548,"0-0.09",0.1,-7894.10760094625,0.248329762858483,0.967392302963845,"0.92-Inf",0.4,-7893.44126308943,0.0118715964327115,0.0022207604041396,9.00509195544234e-08,0.0528285159046371,0.250229937767851,0.832793723252995,0.0632297608010803,0.0463045354423506,0.172089728668877,0.059507361949841,0.0736520204080203,0.419117708599635,"PWY.5896..superpathway.of.menaquinol.10.biosynthesis","biosynthesis",3571,6486,20.97,"cohousing only",NA,NA,NA,NA,NA,NA,NA,NA,NA,NA
0.00854395213559141,NA,0.3,-8236.85257003314,0.761197316402313,0.991456047864409,NA,0.5,-8236.8063897311,0.00279246635114937,0.00242728006077943,0.249958236507753,0.236732970117468,0.275255673104117,0.389762826055651,0.0352401325139095,0.0509567135845394,0.48920743035681,0.206876726318006,0.0815580196884028,0.0111947887107188,"PWY.5918..superpathay.of.heme.biosynthesis.from.glutamate","glutamate",3571,3759,54.2,"cohousing only",NA,NA,NA,NA,NA,NA,NA,NA,NA,NA
0.0631295525991941,"0.01-0.12",0,-7060.53608721226,0.0178332329774779,0.936870447400806,"0.9-0.98",0.1,-7057.72985832239,-0.000712600688586562,0.00177276883336453,0.687705772519806,-0.0796575593813185,0.198159048936301,0.687692859114315,0.0307194701000146,0.0366522228175202,0.401955510981169,0.0609292271953994,0.0578438123542539,0.292184987388347,"PWY.5920..superpathway.of.heme.biosynthesis.from.glycine","glycine",3571,6397,22.05,"cohousing only",NA,NA,NA,NA,NA,NA,NA,NA,NA,NA
0.111408807792635,"0.06-0.17",0,-8863.21127064933,6.40019623745821e-05,0.888591192207365,"0.85-0.93",0,-8855.22107485762,-0.0107034168536653,0.00297071285924264,0.00031459062449001,0.659720443222075,0.327933255932456,0.0442460668817497,-0.11099409707398,0.0606206106840004,0.0671060612354598,-0.0330605937950417,0.0945009602055709,0.72645577684228,"PWY.5941..glycogen.degradation.II..eukaryotic.","eukaryotic",3571,2333,71.57,"cohousing only",NA,NA,NA,NA,NA,NA,NA,NA,NA,NA
0.0545650118776509,"0-0.11",0.1,-8486.45035704677,0.0495515613708736,0.945434988122349,"0.9-0.99",0.2,-8484.52207256346,-0.0165644439799894,0.00263713486872063,3.35910230501012e-10,0.309315011272247,0.295437183207499,0.295111629489718,-0.101472895401503,0.0546517144839104,0.0633510940935714,0.0686091340845883,0.086439676008783,0.42735687507303,"PWY.5971..palmitate.biosynthesis.II..bacteria.and.plants.","plants",3571,1532,81.33,"cohousing only",NA,NA,NA,NA,NA,NA,NA,NA,NA,NA
NA,NA,NA,NA,NA,0.981372647071101,"0.96-1",0.6,-5348.42433551758,-0.00561333350944259,0.00108379952249355,2.22708327549451e-07,-0.370851269923239,0.122681793132306,0.00250388716402503,-0.0397622089923812,0.0227064068631925,0.0799209505855236,-0.015385101970914,0.0362506293604434,0.671267384935781,"PWY.5989..stearate.biosynthesis.II..bacteria.and.plants.","plants",3571,100,98.78,"family only",NA,NA,NA,NA,NA,0.0186273529288991,"0-0.05",0.2,-5349.07699114703,0.253245335394653
NA,NA,NA,NA,NA,0.951016472923854,"0.93-0.98",0.1,-4292.35244874008,-0.00440353113025175,0.000812356021206907,5.93690383480108e-08,-0.00588576713897355,0.0913649779179996,0.948635498106303,-0.0164525153565106,0.0169012660367618,0.33033034758548,-0.0644246643421606,0.0267816932611966,0.0161482045525842,"PWY.6121..5.aminoimidazole.ribonucleotide.biosynthesis.I","I",3571,0,100,"family only",NA,NA,NA,NA,NA,0.0489835270761457,"0.01-0.09",0,-4295.56015475676,0.0113134074101887
NA,NA,NA,NA,NA,0.949014383009453,"0.92-0.97",0.1,-4309.36477798898,-0.00396272341798298,0.000816605077567994,1.21803926284356e-06,-0.000564444560568485,0.0918046908394289,0.995094381792593,-0.016457029703983,0.0169820724547955,0.332504014438671,-0.052069704090816,0.02689675641923,0.0528787048690663,"PWY.6122..5.aminoimidazole.ribonucleotide.biosynthesis.II","II",3571,0,100,"family only",NA,NA,NA,NA,NA,0.0509856169905474,"0.01-0.09",0,-4312.90307161412,0.00780976101017886
0.129309334153854,"0.07-0.19",0,-5448.17395571377,1.11804957505819e-05,0.870690665846146,"0.83-0.92",0,-5438.52479807652,-0.0017571715918821,0.00114631186777904,0.125302617762541,-0.272325123889959,0.12595575401586,0.030612801321944,-0.00875040658879057,0.0232796487683733,0.707004442366579,0.172518153154404,0.0361261710107146,1.79319904457814e-06,"PWY.6147..6.hydroxymethyl.dihydropterin.diphosphate.biosynthesis.I","I",3571,43,99.48,"cohousing only",NA,NA,NA,NA,NA,NA,NA,NA,NA,NA
NA,NA,NA,NA,NA,0.950568388970829,"0.93-0.97",0.1,-4264.59013048577,-0.00549932641081545,0.000806146953141044,8.99431856547664e-12,-0.0415079643361488,0.0906582055510704,0.647059379386695,-0.0104951382519717,0.0167704042342812,0.531437554407498,-0.0463739612645429,0.0265714572192323,0.0809405390895997,"PWY.6163..chorismate.biosynthesis.from.3.dehydroquinate","dehydroquinate",3571,0,100,"family only",NA,NA,NA,NA,NA,0.0494316110291714,"0.01-0.09",0,-4268.13433264352,0.00775842962709602
0.0573765612529146,"0-0.11",0,-7474.4556757364,0.037696713107696,0.942623438747085,"0.9-0.98",0.1,-7472.29634837428,0.00734485352971289,0.00198779788235739,0.00021991275621803,0.28575190455574,0.222528662114468,0.199102488175669,0.0383790346998537,0.0411630149066421,0.351146918380157,-0.0218175447697357,0.0650584244090233,0.737358736961139,"PWY.6263..superpathway.of.menaquinol.8.biosynthesis.II","II",3571,5875,28.41,"cohousing only",NA,NA,NA,NA,NA,NA,NA,NA,NA,NA
NA,NA,NA,NA,NA,0.94875072439757,"0.92-0.97",0.1,-4337.24500386109,-0.0038428971981424,0.000823054411897297,3.0256890129151e-06,0.0136024089869991,0.0925246816282098,0.88312109417902,-0.0157337327173543,0.0171151861769492,0.357946558411678,-0.0520919250455251,0.0271058662026947,0.0546315256562578,"PWY.6277..superpathway.of.5.aminoimidazole.ribonucleotide.biosynthesis","biosynthesis",3571,0,100,"family only",NA,NA,NA,NA,NA,0.0512492756024303,"0.01-0.09",0,-4340.76206373676,0.00799711708435014
NA,NA,NA,NA,NA,0.964215821134926,NA,0.3,-6748.00598400801,-0.00548388318792992,0.001610830879586,0.000663140144766365,-0.0269987242360113,0.181670867845798,0.881858703610087,-0.0173282642615537,0.0336138997492817,0.606197456605746,-0.0070720438816291,0.0534359439078862,0.894710469941532,"PWY.6282..palmitoleate.biosynthesis.I..from..5Z..dodec.5.enoate.","enoate",3571,509,93.8,"family only",NA,NA,NA,NA,NA,0.0357841788650743,NA,0,-6750.07863158391,0.0417503761867435
0.0567537136227928,"0-0.11",0,-8194.84474429684,0.0384931182045521,0.943246286377207,"0.9-0.98",0.2,-8192.70319508748,-0.0184673246124619,0.00243169982849885,3.09198826460594e-14,0.274100762231085,0.27226659235482,0.314061335773332,-0.124391482604988,0.0503639066887161,0.0135168309642515,0.0796768311834617,0.0796132020408138,0.316923882611418,"PWY.6284..superpathway.of.unsaturated.fatty.acids.biosynthesis..E..coli.","coli",3571,1532,81.33,"cohousing only",NA,NA,NA,NA,NA,NA,NA,NA,NA,NA
0.0540467064078773,"0-0.11",0,-8417.67012812655,0.044918294864994,0.945953293592123,"0.91-0.99",0,-8415.65927586991,-0.00367109315699,0.00258638926403129,0.155785560323404,-0.130141775925728,0.289791444398459,0.653368386353385,0.0140976628246514,0.0536077323559153,0.792567412487941,0.0310263038252158,0.0847997350789866,0.7144565853784,"PWY.6285..superpathway.of.fatty.acids.biosynthesis..E..coli.","coli",3571,6051,26.27,"cohousing only",NA,NA,NA,NA,NA,NA,NA,NA,NA,NA
NA,NA,NA,NA,NA,0.967651325574298,NA,0.3,-4292.906951271,-0.00337567138070569,0.000809288043473809,3.03050565413646e-05,-0.0350852560850388,0.0913387011929625,0.700887608417892,-0.0256226320832477,0.0169010698429389,0.129510223322461,-0.0865478772280624,0.026890334196573,0.0012884063796617,"PWY.6317..galactose.degradation.I..Leloir.pathway.","pathway",3571,0,100,"family only",NA,NA,NA,NA,NA,0.0323486744257024,NA,0,-4294.33284187497,0.0912727621554019
0.0529819013710495,"0-0.11",0,-5932.81111759422,0.0738948272894129,0.947018098628951,"0.9-0.99",0.2,-5931.21396126571,-0.00101128566824652,0.00128947289460785,0.432885901920032,0.0103876502184354,0.144518964583733,0.942699460324633,-0.00783542805661051,0.0267345823769541,0.769459383848866,-0.0465443790202316,0.0423018210609952,0.271204672404174,"PWY.6353..purine.nucleotides.degradation.II..aerobic.","aerobic",3571,232,97.17,"cohousing only",NA,NA,NA,NA,NA,NA,NA,NA,NA,NA
NA,NA,NA,NA,NA,0.994000254849801,"0.97-Inf",0.7,-7922.12259240139,-0.00458842771574398,0.0022204994349328,0.0387912492566843,-0.0204363352799848,0.252048479963858,0.935377559474688,-0.00518954243723137,0.0466619403210227,0.911445266702354,-0.128497189118573,0.0747347297330158,0.0855457140546587,"PWY.6471..peptidoglycan.biosynthesis.IV..Enterococcus.faecium.","faecium",3571,6637,19.13,"family only",NA,NA,NA,NA,NA,0.00599974515019888,"0-0.04",0.2,-7922.18988929195,0.713715802726405
NA,NA,NA,NA,NA,0.962594802236192,"0.94-0.98",0.1,-6752.84047371837,-0.00501916175976199,0.0016136447391689,0.00186802329936947,0.0153003262898707,0.181925894294733,0.932975357550436,-0.0122476903776548,0.0336601592731867,0.715960229911969,0.00143730774858466,0.0534882006406085,0.97856223149681,"PWY.6519..8.amino.7.oxononanoate.biosynthesis.I","I",3571,515,93.72,"family only",NA,NA,NA,NA,NA,0.0374051977638082,"0-0.07",0,-6755.06973619007,0.0347274733168339
0.0408536605285052,NA,0,-7893.29982400888,0.153712255998566,0.959146339471495,NA,0.1,-7892.28231447117,0.00229174440365059,0.0022253817153891,0.303094129435683,0.357424536893012,0.250206456418414,0.153142690777067,-0.0068666187516016,0.0462941416234645,0.882085601236544,-0.196855795123978,0.0734792604043855,0.00738278196301997,"PWY.6588..pyruvate.fermentation.to.acetone","acetone",3571,3538,56.89,"cohousing only",NA,NA,NA,NA,NA,NA,NA,NA,NA,NA
0.011138786553659,"0-0.07",0.4,-6826.09733705151,0.699335519311871,0.988861213446341,"0.94-Inf",0.5,-6826.02275503379,-0.00349973132085505,0.00163640340299349,0.0324621832730444,0.124429960563477,0.185440695726678,0.502223093198192,-0.0432192817521435,0.0343280804469738,0.208027927947628,-0.0271631842346419,0.0549063097137668,0.620798621537761,"PWY.6590..superpathway.of.Clostridium.acetobutylicum.acidogenic.fermentation","fermentation",3571,416,94.93,"cohousing only",NA,NA,NA,NA,NA,NA,NA,NA,NA,NA
0.0796672884007381,"0.02-0.14",0,-3912.1877006883,0.00549901458755233,0.920332711599262,"0.88-0.96",0,-3908.3339225764,0.000275141116914873,0.000737227110036744,0.70899156133884,0.0704087707544321,0.0820531315653721,0.390844120699038,-0.0105652394475441,0.0151735597775722,0.486245521554968,-0.0663861089633298,0.0238456615828703,0.00536945120664187,"PWY.6608..guanosine.nucleotides.degradation.III","III",3571,3,99.96,"cohousing only",NA,NA,NA,NA,NA,NA,NA,NA,NA,NA
0.0752424402713014,"0-0.15",0,-8214.2019430886,0.0358286991596724,0.884812958663269,"0.84-0.93",0,-8211.999323474,0.00837508089481078,0.00248001825896985,0.000732746870518788,0.955759231084243,0.274011890445805,0.000486609838548828,0.00143672479358735,0.0506481644425978,0.977369627828208,0.0736609452182075,0.0789007714060939,0.350515595399694,"PWY.6612..superpathway.of.tetrahydrofolate.biosynthesis","biosynthesis",3571,2897,64.7,"no heritability",NA,NA,NA,NA,NA,0.0399446010654294,"0-0.09",0,-8213.61177392037,0.0725261866629985
0.0633942142819847,NA,0,-8626.12318749535,0.023548389734045,0.936605785718015,NA,0.1,-8623.55939201747,0.0166791368676055,0.00274862587235021,1.2937363451653e-09,-0.228793119108224,0.307218574291581,0.456438442506822,-0.0582318741268425,0.0568240656338096,0.305469429354421,-0.00370786475648981,0.0896725420784144,0.967017716200301,"PWY.6628..superpathway.of.L.phenylalanine.biosynthesis","biosynthesis",3571,4081,50.27,"cohousing only",NA,NA,NA,NA,NA,NA,NA,NA,NA,NA
NA,NA,NA,NA,NA,0.980547847466559,"0.96-Inf",0.4,-7729.70473173535,0.0063878831030364,0.00211177633419293,0.00248726689860096,-0.405828188264332,0.239001932250606,0.0895054659783419,-0.0171392742722566,0.044234677398929,0.698413915617352,0.0480302676102508,0.070605724405359,0.496339690003133,"PWY.6629..superpathway.of.L.tryptophan.biosynthesis","biosynthesis",3571,6478,21.07,"family only",NA,NA,NA,NA,NA,0.0194521525334409,"0-0.06",0,-7730.34503182455,0.257787472106214
0.0775030476489511,"0.02-0.13",0,-6605.09717716971,0.00869622021299959,0.922496952351049,"0.88-0.97",0,-6601.65508972625,0.0071401417871154,0.00156639192979759,5.15603366767714e-06,-0.219827374408313,0.174436879073614,0.207593047752447,0.00399737541519203,0.0322583723285989,0.901380632039597,0.0358546820550417,0.0507229023748303,0.479645013539629,"PWY.6690..cinnamate.and.3.hydroxycinnamate.degradation.to.2.oxopent.4.enoate","enoate",3571,6506,20.73,"cohousing only",NA,NA,NA,NA,NA,NA,NA,NA,NA,NA
NA,NA,NA,NA,NA,0.986104315520079,NA,0.6,-6402.53865007648,-0.00361677056912038,0.00145410561070499,0.0128723353583964,0.0995300272032592,0.164768675143463,0.545804311768868,-0.0618622799083057,0.0304988215111362,0.042524555014673,0.0493956088461828,0.0487493746101918,0.310937775539369,"PWY.6731..starch.degradation.III","III",3571,6457,21.32,"family only",NA,NA,NA,NA,NA,0.0138956844799208,NA,0.3,-6402.93876985478,0.371021755692869
0.045255556435406,"0-0.1",0,-6751.31638485584,0.118832126071249,0.954744443564594,"0.91-1",0.1,-6750.10006161063,0.00813675439421709,0.00161825312461705,4.95338235580558e-07,-0.133715381225575,0.181734868397302,0.461869619230401,0.0278190326091317,0.0336230046466735,0.408021190022435,0.082919887684851,0.0533069318270056,0.119822770232368,"PWY.6823..molybdenum.cofactor.biosynthesis","biosynthesis",3571,6254,23.8,"cohousing only",NA,NA,NA,NA,NA,NA,NA,NA,NA,NA
NA,NA,NA,NA,NA,0.973708308522689,"0.96-0.99",0.5,-8070.17599919737,0.00995085446360412,0.00232715017915801,1.90295796796822e-05,0.217208567964141,0.262989053889222,0.40884807541529,-0.0184408221274171,0.0486680409734908,0.704754473397323,0.0920356505788855,0.0775493072354449,0.235305843463649,"PWY.6892..thiazole.biosynthesis.I..E..coli.","coli",3571,2880,64.91,"family only",NA,NA,NA,NA,NA,0.0262916914773113,"0-0.06",0,-8071.70716071656,0.08012703868215
0.0024856053343593,NA,0.3,-8854.3561747201,0.926193951443774,0.997514394665641,NA,0.6,-8854.35188414678,0.0055988000724924,0.00288011242599734,0.0519012496634918,-0.0810649854054766,0.327139123370373,0.80428936629991,0.0275094450024934,0.0605685268605133,0.649694149952345,0.103712159040325,0.0970948454358739,0.28545146173295,"PWY.6895..superpathway.of.thiamin.diphosphate.biosynthesis.II","II",3571,5157,37.16,"cohousing only",NA,NA,NA,NA,NA,NA,NA,NA,NA,NA
NA,NA,NA,NA,NA,0.963439036540953,"0.94-0.99",0.1,-5718.95987328614,-0.00267173825361892,0.00120776388985807,0.0269572537033178,0.170672880250589,0.136190264261292,0.210134957468758,0.0252507472910807,0.0251984556870096,0.316307279033635,0.0295349750866852,0.0400502909271822,0.460850438183577,"PWY.6901..superpathway.of.glucose.and.xylose.degradation","degradation",3571,199,97.58,"family only",NA,NA,NA,NA,NA,0.0365609634590466,"0-0.08",0,-5720.88084752062,0.0499854012051605
0.0265678263787795,NA,0.2,-6807.65861569628,0.351814814823866,0.973432173621221,NA,0.3,-6807.22516544995,0.00435692646234844,0.00163540216191512,0.00771873760759588,-0.075541392771475,0.184567753130343,0.682328216555252,-0.0961868018773104,0.0341572807677083,0.00486261131772029,-0.0645966506467822,0.0544153424901841,0.235186746342731,"PWY.6969..TCA.cycle.V..2.oxoglutarate.ferredoxin.oxidoreductase.","oxidoreductase",3571,475,94.21,"cohousing only",NA,NA,NA,NA,NA,NA,NA,NA,NA,NA
0.0581268648011784,NA,0,-8348.90172166123,0.0411537287548325,0.941873135198822,NA,0,-8346.81688489578,0.00170562728037102,0.00253992147608928,0.501884506265879,0.914995834039526,0.28428171488898,0.00128807448375355,-0.0165586812079817,0.0525854437661388,0.752844440702508,-0.18357831027046,0.0830956752183281,0.0271579346748325,"PWY.7003..glycerol.degradation.to.butanol","butanol",3571,3862,52.94,"cohousing only",NA,NA,NA,NA,NA,NA,NA,NA,NA,NA
0.114825343429311,"0.06-0.17",0,-8420.73576382133,6.27592709945941e-05,0.885174656570689,"0.84-0.93",0,-8412.72700750637,-0.0127080399539102,0.00262679496048906,1.31251142250963e-06,0.0246339353149325,0.289712613519968,0.932238441173158,0.0433205725832623,0.0535533939381264,0.418559432945185,0.0406005150543659,0.083411613979084,0.626436255523178,"PWY.7198..pyrimidine.deoxyribonucleotides.de.novo.biosynthesis.IV","IV",3571,1431,82.56,"cohousing only",NA,NA,NA,NA,NA,NA,NA,NA,NA,NA
0.0805396555130702,"0.02-0.14",0,-4697.75673853677,0.00567223233188033,0.91946034448693,"0.87-0.96",0,-4693.93094381458,-0.00568456980854087,0.000918852218701531,6.14762557315145e-10,0.185282261129196,0.102244795157769,0.0699639959859624,-0.0296798053687184,0.0189072690249019,0.116471809094341,-0.0706464819319756,0.0297066780370321,0.0174004681714611,"PWY.7199..pyrimidine.deoxyribonucleosides.salvage","salvage",3571,3,99.96,"cohousing only",NA,NA,NA,NA,NA,NA,NA,NA,NA,NA
0.117338565297173,"0.06-0.17",0,-8526.19801963405,4.3312729197571e-05,0.882661434702827,"0.84-0.93",0,-8517.83781921004,-0.0123254062590183,0.00270699794318012,5.28449815628852e-06,0.00963266388321933,0.298364417699009,0.974244855007242,0.0418177707588103,0.0551512814473779,0.448308804703436,0.0413339684051402,0.0858456632421664,0.630167126385181,"PWY.7210..pyrimidine.deoxyribonucleotides.biosynthesis.from.CTP","CTP",3571,1427,82.61,"cohousing only",NA,NA,NA,NA,NA,NA,NA,NA,NA,NA
0.0936366560402946,"0.04-0.15",0,-6573.80759756042,0.000905265514229282,0.906363343959705,"0.86-0.95",0.1,-6568.30162451916,-0.00350117916796379,0.00155854978058735,0.0246762246329134,-0.167589843050269,0.172839103681082,0.332231349075314,0.0113553284099697,0.031956662858661,0.72233845939703,-0.0678622136577238,0.0500423988461585,0.175069154639027,"PWY.7211..superpathway.of.pyrimidine.deoxyribonucleotides.de.novo.biosynthesis","biosynthesis",3571,177,97.84,"cohousing only",NA,NA,NA,NA,NA,NA,NA,NA,NA,NA
0.0508700380398239,NA,0.1,-6899.97956764757,0.0819989613650537,0.949129961960176,NA,0.1,-6898.46715311495,-0.000187563922257115,0.00168961057636208,0.911608298541034,0.53391961895292,0.189469487484079,0.00483280969012675,-0.0481183359174127,0.0350510650974474,0.169812456998705,-0.0553163095734587,0.0554909543248349,0.318835996744454,"PWY.7237..myo...chiro..and.scillo.inositol.degradation","degradation",3571,317,96.14,"cohousing only",NA,NA,NA,NA,NA,NA,NA,NA,NA,NA
0.0189822890456309,"0-0.07",0.1,-7576.97439256182,0.495555482387544,0.981017710954369,"0.94-Inf",0.4,-7576.74217177688,0.00939583919216412,0.00202406876034137,3.44960438486682e-06,-0.131625921651005,0.22889228379106,0.565253304577455,0.00560345297468126,0.0423657517502823,0.894775682908244,0.055190804765834,0.067624619057793,0.414423043855504,"PWY.7254..TCA.cycle.VII..acetate.producers.","producers",3571,4418,46.17,"cohousing only",NA,NA,NA,NA,NA,NA,NA,NA,NA,NA
0.0549263280318313,"0-0.11",0,-7702.07277542143,0.0522327974072121,0.945073671968169,"0.9-0.99",0,-7700.18862707708,0.00572001961169577,0.00211732876484553,0.00690219950500129,-0.219542537198006,0.237181104317182,0.35463700051463,0.0553110471511017,0.0438749333994833,0.207434052660071,0.113781961265199,0.0693881929361289,0.101049148761616,"PWY.7315..dTDP.N.acetylthomosamine.biosynthesis","biosynthesis",3571,4875,40.6,"cohousing only",NA,NA,NA,NA,NA,NA,NA,NA,NA,NA
0.0742136600262307,"0.02-0.13",0,-6980.8089813152,0.0133456317302691,0.925786339973769,"0.88-0.97",0,-6977.74762806921,-0.00787303289035782,0.00173880519339608,5.95894813262153e-06,0.19155051944078,0.193802731990657,0.322967146593198,-0.0628551344275145,0.0358411788128506,0.079479729348173,-0.0630748798750816,0.0564038198625581,0.263450331290859,"PWY.7328..superpathway.of.UDP.glucose.derived.O.antigen.building.blocks.biosynthesis","biosynthesis",3571,574,93.01,"cohousing only",NA,NA,NA,NA,NA,NA,NA,NA,NA,NA
0.125987274206883,"0.07-0.18",0,-8483.7879530573,1.28713032073289e-05,0.874012725793117,"0.83-0.92",0,-8474.27320254279,-0.0125146661544835,0.00268003148963925,3.01791642036537e-06,0.649722788232538,0.294732555506376,0.0274928064840571,-0.14258969891064,0.0544753545717337,0.00885743047564953,-0.0649833195949463,0.0846079097600405,0.442455974187884,"PWY.7371..1.4.dihydroxy.6.naphthoate.biosynthesis.II","II",3571,1062,87.06,"cohousing only",NA,NA,NA,NA,NA,NA,NA,NA,NA,NA
0.0200410380023117,NA,0,-7706.22440423225,0.481929333220083,0.979958961997688,NA,0.1,-7705.97715709665,0.0098463049029167,0.00209933082738671,2.72923229155052e-06,0.0980122581394463,0.237336457241903,0.679630379809491,-0.0167408304658349,0.0439278777428677,0.703130461922196,0.0733262021288108,0.0700988879518413,0.295542819332851,"PWY.7392..taxadiene.biosynthesis..engineered.","engineered",3571,5661,31.02,"cohousing only",NA,NA,NA,NA,NA,NA,NA,NA,NA,NA
0.108578338874442,"0.05-0.16",0,-6165.49323142367,6.94923940130454e-05,0.891421661125558,"0.85-0.93",0,-6157.58092165668,0.00258526372370608,0.00139464933840216,0.0637818612896918,0.0022046979166491,0.154066284276571,0.988582612985239,-0.075415203268325,0.0284810063735043,0.00809905648862622,-0.0517891746829653,0.0444307039945975,0.243769415299893,"PWY.7400..L.arginine.biosynthesis.IV..archaebacteria.","archaebacteria",3571,135,98.36,"cohousing only",NA,NA,NA,NA,NA,NA,NA,NA,NA,NA
0.0998654297529859,"0.05-0.15",0,-8317.99887094984,0.000250974657489719,0.900134570247014,"0.86-0.94",0,-8311.29644643841,-0.00166401232544733,0.00254337294382005,0.512948074401614,0.0674484117704936,0.281599097633639,0.810702951905991,-0.0763571219719473,0.0520619004031156,0.142468490190982,-0.0626696957437968,0.0813970960168796,0.441344116492636,"PWY.7456..mannan.degradation","degradation",3571,832,89.86,"cohousing only",NA,NA,NA,NA,NA,NA,NA,NA,NA,NA
NA,NA,NA,NA,NA,0.963008030750035,"0.94-0.98",0.2,-6816.00250984663,-0.00521120988308604,0.00164227656139976,0.0015078826515183,-0.015962606631233,0.185170063381002,0.931303364566436,-0.00917250489073355,0.0342606391950008,0.788909313794013,-0.0079745626429041,0.0544479191931676,0.883556519237636,"PWY.7664..oleate.biosynthesis.IV..anaerobic.","anaerobic",3571,509,93.8,"family only",NA,NA,NA,NA,NA,0.0369919692499651,"0-0.07",0,-6818.20554167433,0.0358113857849455
0.0144223445132822,"0-0.07",0.3,-5236.43362711299,0.63572712031061,0.985577655486718,"0.94-Inf",0.7,-5236.3214400795,0.00200742845360347,0.0010495198513338,0.055785024898115,-0.121702844890234,0.118829510667221,0.305750117839479,-0.00106563789912374,0.0219959665547381,0.961360027765034,-0.0701418518404951,0.0351516692358736,0.0459986166509927,"PWY.922..mevalonate.pathway.I","I",3571,7742,5.67,"cohousing only",NA,NA,NA,NA,NA,NA,NA,NA,NA,NA
0.0670468435355978,"0.01-0.12",0,-7459.98344520654,0.0135816201581739,0.932953156464402,"0.89-0.97",0,-7456.93758125305,0.00772880111898193,0.0019846049368946,9.84511661503811e-05,-0.0998597594964948,0.2216116798206,0.652272868497424,0.0852386343072513,0.0409879291737553,0.0375619306196533,0.131827729677427,0.0646215554854335,0.0413507010560757,"PWY0.1241..ADP.L.glycero..beta..D.manno.heptose.biosynthesis","biosynthesis",3571,3821,53.44,"cohousing only",NA,NA,NA,NA,NA,NA,NA,NA,NA,NA
0.052003287686224,"0-0.11",0,-6217.54819302776,0.0893288374302807,0.947996712313776,"0.9-1",0.3,-6216.10497957285,-0.0108191314219185,0.00139617361521957,9.25239590775116e-15,0.0651453238264778,0.156517627545941,0.677251097499305,-0.066796898696544,0.0289546285876619,0.0210575724704987,0.0836209897021698,0.0458260774956715,0.0680392426211173,"PWY0.1261..anhydromuropeptides.recycling","recycling",3571,294,96.42,"cohousing only",NA,NA,NA,NA,NA,NA,NA,NA,NA,NA
0.0917661690862235,"0.03-0.15",0,-6958.38824835008,0.00199523400614493,0.908233830913777,"0.86-0.95",0.2,-6953.6112907949,0.0074219448879856,0.00173526518931586,1.89323111434313e-05,-0.221727043102371,0.192529610830347,0.249464249836796,-0.012222401159865,0.0355980635568432,0.731339268416208,0.0469018858134384,0.0557711699287569,0.400364690512266,"PWY0.1277..3.phenylpropanoate.and.3..3.hydroxyphenyl.propanoate.degradation","degradation",3571,6640,19.09,"cohousing only",NA,NA,NA,NA,NA,NA,NA,NA,NA,NA
0.0604549426783411,"0-0.12",0,-4720.42553437404,0.0476683424530478,0.939545057321659,"0.89-0.99",0.1,-4718.46471411809,-0.000918971290815508,0.000920097463908251,0.317903200912338,0.132745082770126,0.102919713197736,0.197122683703205,-0.0551254183025544,0.0190371101433561,0.00378335500115692,-0.0984371809716687,0.0300645664129423,0.00105964359431431,"PWY0.1296..purine.ribonucleosides.degradation","degradation",3571,1,99.99,"cohousing only",NA,NA,NA,NA,NA,NA,NA,NA,NA,NA
0.0555679302933824,"0-0.11",0,-4129.11639195089,0.0401955943787905,0.944432069706618,"0.9-0.98",0.1,-4127.01158730497,-0.000296868315104322,0.000778587815926359,0.702987532977692,-0.207111905050296,0.0872020226650171,0.0175450788777194,0.00266376646723802,0.0161309130979094,0.868838304190423,-0.090502013045237,0.0255068380635095,0.000387951515549844,"PWY0.1297..superpathway.of.purine.deoxyribonucleosides.degradation","degradation",3571,20,99.76,"cohousing only",NA,NA,NA,NA,NA,NA,NA,NA,NA,NA
0.0531203185817265,NA,0.1,-4714.46287765587,0.0658931525374437,0.946879681418273,NA,0.3,-4712.77164162,0.00246828843737439,0.000916739343938283,0.00709260167836103,-0.17239509418742,0.102740758711412,0.0933545076558999,-0.0115481820492483,0.0190059884141654,0.543447792407729,-0.0528289218410481,0.0300718883794227,0.0789596828340811,"PWY0.1298..superpathway.of.pyrimidine.deoxyribonucleosides.degradation","degradation",3571,63,99.23,"cohousing only",NA,NA,NA,NA,NA,NA,NA,NA,NA,NA
0.031757289440581,"0-0.09",0.1,-6219.61918057816,0.273551242899026,0.968242710559419,"0.92-Inf",0.2,-6219.01975456723,0.00692487052963283,0.00138916857564883,6.19929219507562e-07,-0.272135564749676,0.156563329117345,0.0821787449892652,0.0368301962695292,0.0289721222010624,0.203647262024473,0.112628993424216,0.0460931815199809,0.0145453034046354,"PWY0.1338..polymyxin.resistance","resistance",3571,5876,28.4,"cohousing only",NA,NA,NA,NA,NA,NA,NA,NA,NA,NA
0.0501015253712245,"0-0.11",0,-7239.20479051554,0.0730323981410419,0.949898474628776,"0.91-0.99",0.1,-7237.59803262837,0.00538866189106688,0.00185752997944744,0.00371994698763787,-0.119413681521887,0.208341550680418,0.566534290740181,0.00892301889939118,0.0385427534934122,0.816918898949847,0.145335463990162,0.0610308436796245,0.0172495717188553,"PWY0.1533..methylphosphonate.degradation.I","I",3571,5447,33.63,"cohousing only",NA,NA,NA,NA,NA,NA,NA,NA,NA,NA
0.000279621654622862,"0-0.06",0.4,-4985.64815976101,0.992062227659291,0.999720378345377,"0.96-Inf",0.6,-4985.64811027283,0.000565930924293248,0.000974114511849207,0.561260938228367,0.0916915257870763,0.110711101904691,0.40755422020183,-0.011219920244458,0.020498594988443,0.584137820675555,-0.0208973972463106,0.032879303500014,0.52505081283914,"PWY0.41..allantoin.degradation.IV..anaerobic.","anaerobic",3571,7365,10.26,"cohousing only",NA,NA,NA,NA,NA,NA,NA,NA,NA,NA
NA,NA,NA,NA,NA,0.956085992592097,"0.93-0.98",0.2,-5213.81596331681,0.0066020338156565,0.00105028085440622,3.25813116264616e-10,-0.236101158482846,0.118249145193603,0.0458641340330164,0.0248530333083898,0.0218762456286335,0.255925606259527,0.0103097966404534,0.034707612734729,0.766430530018909,"PWY0.42..2.methylcitrate.cycle.I","I",3571,7573,7.73,"family only",NA,NA,NA,NA,NA,0.0439140074079031,"0.01-0.08",0,-5217.03165995561,0.0112120593324323
0.123827246620432,"0.06-0.19",0,-5064.02320015025,0.000182646781890374,0.876172753379567,"0.82-0.93",0,-5057.02235714402,-0.00682230893718232,0.00102874515369463,3.3188688245663e-11,0.0727352483076307,0.113197936560177,0.520516627809968,-0.0592268724007825,0.0209227818857643,0.00464410323907063,0.0380087465971507,0.0325138181103698,0.242402476153763,"PWY0.781..aspartate.superpathway","superpathway",3571,104,98.73,"cohousing only",NA,NA,NA,NA,NA,NA,NA,NA,NA,NA
NA,NA,NA,NA,NA,0.965629605843012,NA,0.2,-6691.17854652192,-0.00491803983216606,0.001584854319356,0.00191472912620754,-0.062723776752502,0.178794723925532,0.725727538973942,-0.00309558025953447,0.0330825395074463,0.925449612059075,-0.0137475162643917,0.0526095291555431,0.793851693730534,"PWY0.862...5Z..dodec.5.enoate.biosynthesis","biosynthesis",3571,480,94.15,"family only",NA,NA,NA,NA,NA,0.0343703941569882,NA,0,-6693.10889671484,0.0494296902628607
0.127208242529824,"0.07-0.18",0,-8605.20462116892,1.0873961269398e-05,0.872791757470176,"0.83-0.92",0,-8595.52892221063,-0.00976864073474069,0.00277344649230029,0.000427976766487287,0.228914200470576,0.304909478029743,0.452796394171071,-0.134103958446603,0.0563557026560973,0.0173314995294881,0.187902307885319,0.0875012913524992,0.031759600934086,"PYRIDNUCSAL.PWY..NAD.salvage.pathway.I","I",3571,2201,73.18,"cohousing only",NA,NA,NA,NA,NA,NA,NA,NA,NA,NA
0.00478697254225237,"0-0.06",0.3,-7504.43950836964,0.862870013896559,0.995213027457748,"0.95-Inf",0.6,-7504.42459193899,0.00810200395904274,0.00197490337917877,4.08743099792537e-05,0.0596788597305188,0.224181663565765,0.79007934013052,0.05503589038023,0.0415045449836965,0.184832804313167,0.0184712820226694,0.0664943699188923,0.781175750022547,"PWY_REDCITCYC..TCA.cycle.VIII..helicobacter.","helicobacter",3571,3976,51.55,"cohousing only",NA,NA,NA,NA,NA,NA,NA,NA,NA,NA
0.0670911650999294,"0-0.13",0,-5391.35435031906,0.038910873797482,0.932908834900071,"0.88-0.99",0.2,-5389.22197312086,-0.0106115255476657,0.00111226920590426,1.42242472075379e-21,0.120100942215869,0.124200538870655,0.333547973626681,-0.00224781032872492,0.0229713518150122,0.922049206667112,-0.0847066743618153,0.0362162152171683,0.0193397967967559,"RIBOSYN2.PWY..flavin.biosynthesis.I..bacteria.and.plants.","plants",3571,70,99.15,"cohousing only",NA,NA,NA,NA,NA,NA,NA,NA,NA,NA
NA,NA,NA,NA,NA,0.938751819375757,"0.92-0.96",0,-4092.89580132627,0.000255821416872456,0.000770308768301693,0.739811912286287,0.15404059922828,0.086416945391063,0.0746632176199196,-0.0117731892362596,0.0159829487542126,0.461359957117196,-0.0767463636125565,0.0252522701396153,0.00237217792985481,"SALVADEHYPOX.PWY..adenosine.nucleotides.degradation.II","II",3571,7,99.91,"family only",NA,NA,NA,NA,NA,0.061248180624243,"0.03-0.1",0,-4098.63869086519,0.000701307235766521
0.0700545837157565,NA,0,-4462.48001340129,0.0196258876339841,0.929945416284244,NA,0,-4459.7575789419,-0.0044760839204651,0.000858076023511249,1.82415463938206e-07,-0.0201522904534149,0.0957424153360637,0.833289580245551,-0.041716907352991,0.0177072178012306,0.0184765627471269,-0.0571434629967313,0.0278957401414499,0.0405144031935455,"SER.GLYSYN.PWY..superpathway.of.L.serine.and.glycine.biosynthesis.I","I",3571,0,100,"cohousing only",NA,NA,NA,NA,NA,NA,NA,NA,NA,NA
0.0636294265545755,"0-0.13",0,-5879.8962301965,0.0769178221007855,0.903547784137904,"0.86-0.95",0,-5878.33180350584,-0.0005636034793185,0.00128430391301955,0.660777728332821,-0.0662836717995375,0.142540755564181,0.641920301065671,-0.0419349381897823,0.026352610603509,0.111541829825521,-0.0488349094920696,0.0412453322502207,0.236408877319296,"SO4ASSIM.PWY..sulfate.reduction.I..assimilatory.","assimilatory",3571,168,97.95,"no heritability",NA,NA,NA,NA,NA,0.0328227893075201,"0-0.08",0,-5879.56972245577,0.115607819474121
0.0817056040486502,"0.02-0.14",0,-5534.65782336632,0.00651337885718814,0.91829439595135,"0.87-0.97",0.1,-5530.95658016604,0.00133496851132345,0.00116192704364615,0.250586381733995,0.0372921329685497,0.129253709914318,0.772949596233835,-0.0690805518496899,0.0239014546589424,0.00384967718296071,-0.0521557187896259,0.0375422692909484,0.16475576112406,"SULFATE.CYS.PWY..superpathway.of.sulfate.assimilation.and.cysteine.biosynthesis","biosynthesis",3571,173,97.89,"cohousing only",NA,NA,NA,NA,NA,NA,NA,NA,NA,NA
0.0486856067473042,"0-0.1",0.1,-7784.20465196469,0.0769968670064761,0.951314393252696,"0.91-0.99",0.2,-7782.64106243387,0.00928416032906451,0.00216295358645384,1.76789585975769e-05,-0.107441750951887,0.242688030833931,0.657971535531388,-0.00149193233903758,0.0448977209217359,0.973491510959592,0.0977777840143906,0.0711195171285647,0.169181808021665,"PWY_TCA.GLYOX.BYPASS..superpathway.of.glyoxylate.bypass.and.TCA","TCA",3571,4300,47.61,"cohousing only",NA,NA,NA,NA,NA,NA,NA,NA,NA,NA
0.0195440524821456,NA,0.3,-6754.97240189956,0.486966535052723,0.980455947517854,NA,0.5,-6754.73079094246,0.00369084024157774,0.00160815592835522,0.0217287632997235,-0.097868198852466,0.181831505824917,0.59041437042663,-0.0978022012700597,0.0336549268250659,0.00366047246500976,-0.0602155679388848,0.0537125060740265,0.262257363999226,"PWY_TCA..TCA.cycle.I..prokaryotic.","prokaryotic",3571,448,94.54,"cohousing only",NA,NA,NA,NA,NA,NA,NA,NA,NA,NA
NA,NA,NA,NA,NA,0.978459966661955,NA,0.5,-8934.10937120734,0.009304326733256,0.00296047811765561,0.00167313855916989,0.521263938785165,0.334903120697192,0.119598301976663,-0.0378409568243714,0.0619817013800112,0.541518590241912,0.0949222892364844,0.0988810273071601,0.33707301429893,"THISYN.PWY..superpathway.of.thiamin.diphosphate.biosynthesis.I","I",3571,2880,64.91,"family only",NA,NA,NA,NA,NA,0.021540033338045,NA,0,-8935.1953652526,0.140544434955245
0.0737417604132604,"0.02-0.13",0,-4552.09589496281,0.0114272110056439,0.92625823958674,"0.88-0.97",0.1,-4548.89707450611,-0.00130836695269241,0.00088065406156636,0.137364736835988,-0.378596697922639,0.0981674637375795,0.000114955645151914,0.00599118324338641,0.0181548475551092,0.741396484777651,0.0144121055632327,0.0285740079995751,0.613995662784941,"TRPSYN.PWY..L.tryptophan.biosynthesis","biosynthesis",3571,11,99.87,"cohousing only",NA,NA,NA,NA,NA,NA,NA,NA,NA,NA
0.0365839647640136,NA,0,-7222.22403949853,0.19718878991604,0.963416035235986,NA,0.1,-7221.39250250133,0.00949529694435891,0.00184193545338901,2.5354299738886e-07,-0.0226770089565861,0.207327301189834,0.912902822486729,0.0424954294721987,0.0383630458056412,0.267983700875408,0.0843964041142685,0.0609577843856473,0.166203643029169,"UBISYN.PWY..superpathway.of.ubiquinol.8.biosynthesis..prokaryotic.","prokaryotic",3571,5867,28.51,"cohousing only",NA,NA,NA,NA,NA,NA,NA,NA,NA,NA
